subset,mode,variable,loading,abs_loading,explained_variance_ratio
ablation_combined,PC1,euler_density_proxy_mean,-0.3103008727512921,0.3103008727512921,0.7935835061332066
ablation_combined,PC1,logdet_g_mean,-0.3103008727512921,0.3103008727512921,0.7935835061332066
ablation_combined,PC1,logdet_residual_mean,-0.3088068231106217,0.3088068231106217,0.7935835061332066
ablation_combined,PC1,euler_density_proxy_weighted_mean,-0.3013294557944277,0.3013294557944277,0.7935835061332066
ablation_combined,PC1,min_eigenvalue_q10,-0.28910123160094103,0.28910123160094103,0.7935835061332066
ablation_combined,PC1,determinant_g_mean,-0.2861518793594808,0.2861518793594808,0.7935835061332066
ablation_combined,PC1,logdet_residual_q90,-0.28606363761646586,0.28606363761646586,0.7935835061332066
ablation_combined,PC1,negative_frequency,0.2841340864809347,0.2841340864809347,0.7935835061332066
ablation_combined,PC1,min_eigenvalue_mean,-0.2780942659226826,0.2780942659226826,0.7935835061332066
ablation_combined,PC1,spectral_tail_mean,-0.2709446481664963,0.2709446481664963,0.7935835061332066
ablation_combined,PC1,logdet_residual_q95,-0.26256865326579215,0.26256865326579215,0.7935835061332066
ablation_combined,PC1,min_eigenvalue_q05,-0.2506518814409876,0.2506518814409876,0.7935835061332066
ablation_combined,PC1,logdet_target_mean,-0.10354975283798401,0.10354975283798401,0.7935835061332066
ablation_combined,PC2,logdet_target_mean,0.5890265787423398,0.5890265787423398,0.1315134347444462
ablation_combined,PC2,min_eigenvalue_q05,-0.43685090941450455,0.43685090941450455,0.1315134347444462
ablation_combined,PC2,spectral_tail_mean,-0.34316526235264133,0.34316526235264133,0.1315134347444462
ablation_combined,PC2,min_eigenvalue_mean,0.2912711380377086,0.2912711380377086,0.1315134347444462
ablation_combined,PC2,negative_frequency,0.2840176566741561,0.2840176566741561,0.1315134347444462
ablation_combined,PC2,determinant_g_mean,0.27178888624688385,0.27178888624688385,0.1315134347444462
ablation_combined,PC2,logdet_residual_q90,0.2236783988901105,0.2236783988901105,0.1315134347444462
ablation_combined,PC2,logdet_residual_q95,0.203924286438031,0.203924286438031,0.1315134347444462
ablation_combined,PC2,logdet_residual_mean,-0.08508151186632035,0.08508151186632035,0.1315134347444462
ablation_combined,PC2,euler_density_proxy_weighted_mean,-0.057162458411194945,0.057162458411194945,0.1315134347444462
ablation_combined,PC2,logdet_g_mean,-0.031543791569426126,0.031543791569426126,0.1315134347444462
ablation_combined,PC2,euler_density_proxy_mean,-0.03154379156942611,0.03154379156942611,0.1315134347444462
ablation_combined,PC2,min_eigenvalue_q10,0.030966090065583797,0.030966090065583797,0.1315134347444462
ablation_combined,PC3,logdet_target_mean,0.6698035879413555,0.6698035879413555,0.046122439718188406
ablation_combined,PC3,logdet_residual_q95,-0.5444335883729158,0.5444335883729158,0.046122439718188406
ablation_combined,PC3,logdet_residual_q90,-0.32708801060549597,0.32708801060549597,0.046122439718188406
ablation_combined,PC3,determinant_g_mean,-0.20445273782530535,0.20445273782530535,0.046122439718188406
ablation_combined,PC3,min_eigenvalue_q05,0.17766246138418348,0.17766246138418348,0.046122439718188406
ablation_combined,PC3,euler_density_proxy_weighted_mean,0.1747900455650395,0.1747900455650395,0.046122439718188406
ablation_combined,PC3,spectral_tail_mean,0.16155818215138257,0.16155818215138257,0.046122439718188406
ablation_combined,PC3,min_eigenvalue_q10,0.07685672549619617,0.07685672549619617,0.046122439718188406
ablation_combined,PC3,negative_frequency,-0.06860524048559805,0.06860524048559805,0.046122439718188406
ablation_combined,PC3,logdet_g_mean,0.05667456042021406,0.05667456042021406,0.046122439718188406
ablation_combined,PC3,euler_density_proxy_mean,0.05667456042021405,0.05667456042021405,0.046122439718188406
ablation_combined,PC3,min_eigenvalue_mean,0.03016580129886849,0.03016580129886849,0.046122439718188406
ablation_combined,PC3,logdet_residual_mean,-0.0018851712503637832,0.0018851712503637832,0.046122439718188406
ablation_fragile_only,PC1,euler_density_proxy_mean,0.3095138857141315,0.3095138857141315,0.7951406701141543
ablation_fragile_only,PC1,logdet_g_mean,0.3095138857141315,0.3095138857141315,0.7951406701141543
ablation_fragile_only,PC1,logdet_residual_mean,0.3071082594027831,0.3071082594027831,0.7951406701141543
ablation_fragile_only,PC1,logdet_residual_q95,0.3022587089207313,0.3022587089207313,0.7951406701141543
ablation_fragile_only,PC1,euler_density_proxy_weighted_mean,0.2953336794112118,0.2953336794112118,0.7951406701141543
ablation_fragile_only,PC1,min_eigenvalue_q10,0.2949015241450345,0.2949015241450345,0.7951406701141543
ablation_fragile_only,PC1,logdet_residual_q90,0.2930417252370236,0.2930417252370236,0.7951406701141543
ablation_fragile_only,PC1,determinant_g_mean,0.2905073562759489,0.2905073562759489,0.7951406701141543
ablation_fragile_only,PC1,logdet_target_mean,0.26656530343135143,0.26656530343135143,0.7951406701141543
ablation_fragile_only,PC1,min_eigenvalue_mean,0.2610850470070729,0.2610850470070729,0.7951406701141543
ablation_fragile_only,PC1,negative_frequency,-0.2408971179201329,0.2408971179201329,0.7951406701141543
ablation_fragile_only,PC1,spectral_tail_mean,0.21679638650706354,0.21679638650706354,0.7951406701141543
ablation_fragile_only,PC1,min_eigenvalue_q05,0.1844317588746656,0.1844317588746656,0.7951406701141543
ablation_fragile_only,PC2,min_eigenvalue_q05,0.4961379430041761,0.4961379430041761,0.20101350223374037
ablation_fragile_only,PC2,spectral_tail_mean,0.435728494257801,0.435728494257801,0.20101350223374037
ablation_fragile_only,PC2,negative_frequency,-0.3857491369128183,0.3857491369128183,0.20101350223374037
ablation_fragile_only,PC2,min_eigenvalue_mean,-0.3342139990086337,0.3342139990086337,0.20101350223374037
ablation_fragile_only,PC2,logdet_target_mean,-0.31848136406754746,0.31848136406754746,0.20101350223374037
ablation_fragile_only,PC2,determinant_g_mean,-0.21985471356422195,0.21985471356422195,0.20101350223374037
ablation_fragile_only,PC2,logdet_residual_q90,-0.20694719262514952,0.20694719262514952,0.20101350223374037
ablation_fragile_only,PC2,min_eigenvalue_q10,-0.19582353320794846,0.19582353320794846,0.20101350223374037
ablation_fragile_only,PC2,euler_density_proxy_weighted_mean,0.19059611909065718,0.19059611909065718,0.20101350223374037
ablation_fragile_only,PC2,logdet_residual_q95,-0.14558356295689426,0.14558356295689426,0.20101350223374037
ablation_fragile_only,PC2,logdet_residual_mean,0.09429815642254877,0.09429815642254877,0.20101350223374037
ablation_fragile_only,PC2,euler_density_proxy_mean,0.05537309496743498,0.05537309496743498,0.20101350223374037
ablation_fragile_only,PC2,logdet_g_mean,0.05537309496743498,0.05537309496743498,0.20101350223374037
ablation_fragile_only,PC3,spectral_tail_mean,0.6005707453166886,0.6005707453166886,0.0038444381706320752
ablation_fragile_only,PC3,negative_frequency,0.475338111110781,0.475338111110781,0.0038444381706320752
ablation_fragile_only,PC3,min_eigenvalue_q05,0.321020815026125,0.321020815026125,0.0038444381706320752
ablation_fragile_only,PC3,min_eigenvalue_mean,0.2645098013531516,0.2645098013531516,0.0038444381706320752
ablation_fragile_only,PC3,euler_density_proxy_weighted_mean,-0.2635999034631735,0.2635999034631735,0.0038444381706320752
ablation_fragile_only,PC3,logdet_residual_mean,-0.19187361882472764,0.19187361882472764,0.0038444381706320752
ablation_fragile_only,PC3,euler_density_proxy_mean,-0.18610930003209258,0.18610930003209258,0.0038444381706320752
ablation_fragile_only,PC3,logdet_g_mean,-0.18610930003209258,0.18610930003209258,0.0038444381706320752
ablation_fragile_only,PC3,determinant_g_mean,0.16231503271817604,0.16231503271817604,0.0038444381706320752
ablation_fragile_only,PC3,min_eigenvalue_q10,0.128717539858704,0.128717539858704,0.0038444381706320752
ablation_fragile_only,PC3,logdet_target_mean,-0.0931786416269729,0.0931786416269729,0.0038444381706320752
ablation_fragile_only,PC3,logdet_residual_q90,0.09168085591992886,0.09168085591992886,0.0038444381706320752
ablation_fragile_only,PC3,logdet_residual_q95,0.06908625021428186,0.06908625021428186,0.0038444381706320752
ablation_regular_only,PC1,euler_density_proxy_weighted_mean,0.29139891135507817,0.29139891135507817,0.9056278459142874
ablation_regular_only,PC1,euler_density_proxy_mean,0.2912291837442192,0.2912291837442192,0.9056278459142874
ablation_regular_only,PC1,logdet_g_mean,0.2912291837442192,0.2912291837442192,0.9056278459142874
ablation_regular_only,PC1,logdet_residual_mean,0.29114802803914175,0.29114802803914175,0.9056278459142874
ablation_regular_only,PC1,min_eigenvalue_mean,0.29060792631593196,0.29060792631593196,0.9056278459142874
ablation_regular_only,PC1,negative_frequency,-0.28745200739836885,0.28745200739836885,0.9056278459142874
ablation_regular_only,PC1,logdet_target_mean,-0.28616255237852395,0.28616255237852395,0.9056278459142874
ablation_regular_only,PC1,min_eigenvalue_q10,0.27884088878478563,0.27884088878478563,0.9056278459142874
ablation_regular_only,PC1,spectral_tail_mean,0.27791692568924337,0.27791692568924337,0.9056278459142874
ablation_regular_only,PC1,min_eigenvalue_q05,0.27011796431266377,0.27011796431266377,0.9056278459142874
ablation_regular_only,PC1,determinant_g_mean,0.2641676357304706,0.2641676357304706,0.9056278459142874
ablation_regular_only,PC1,logdet_residual_q90,0.2544424391849514,0.2544424391849514,0.9056278459142874
ablation_regular_only,PC1,logdet_residual_q95,0.22190251780787712,0.22190251780787712,0.9056278459142874
ablation_regular_only,PC2,logdet_residual_q95,0.587663310824858,0.587663310824858,0.09360057792669868
ablation_regular_only,PC2,logdet_residual_q90,0.4419923560071376,0.4419923560071376,0.09360057792669868
ablation_regular_only,PC2,determinant_g_mean,0.38223790160256527,0.38223790160256527,0.09360057792669868
ablation_regular_only,PC2,min_eigenvalue_q05,-0.3387908874742446,0.3387908874742446,0.09360057792669868
ablation_regular_only,PC2,spectral_tail_mean,-0.2699670547494434,0.2699670547494434,0.09360057792669868
ablation_regular_only,PC2,min_eigenvalue_q10,-0.263596821805789,0.263596821805789,0.09360057792669868
ablation_regular_only,PC2,logdet_target_mean,0.16727371562433394,0.16727371562433394,0.09360057792669868
ablation_regular_only,PC2,negative_frequency,0.14419091093696873,0.14419091093696873,0.09360057792669868
ablation_regular_only,PC2,min_eigenvalue_mean,0.06050573013255288,0.06050573013255288,0.09360057792669868
ablation_regular_only,PC2,logdet_residual_mean,-0.038353780418991026,0.038353780418991026,0.09360057792669868
ablation_regular_only,PC2,logdet_g_mean,-0.03232751485705898,0.03232751485705898,0.09360057792669868
ablation_regular_only,PC2,euler_density_proxy_mean,-0.03232751485705897,0.03232751485705897,0.09360057792669868
ablation_regular_only,PC2,euler_density_proxy_weighted_mean,-0.00709995406558056,0.00709995406558056,0.09360057792669868
ablation_regular_only,PC3,spectral_tail_mean,0.44471725921524163,0.44471725921524163,0.0007711601772065915
ablation_regular_only,PC3,negative_frequency,0.43543007650984805,0.43543007650984805,0.0007711601772065915
ablation_regular_only,PC3,logdet_target_mean,0.4308015955154678,0.4308015955154678,0.0007711601772065915
ablation_regular_only,PC3,min_eigenvalue_q05,0.36309910079745744,0.36309910079745744,0.0007711601772065915
ablation_regular_only,PC3,min_eigenvalue_mean,0.3553645632672558,0.3553645632672558,0.0007711601772065915
ablation_regular_only,PC3,determinant_g_mean,0.25114175930741717,0.25114175930741717,0.0007711601772065915
ablation_regular_only,PC3,euler_density_proxy_weighted_mean,-0.15480818400010554,0.15480818400010554,0.0007711601772065915
ablation_regular_only,PC3,logdet_residual_mean,-0.1522425354888356,0.1522425354888356,0.0007711601772065915
ablation_regular_only,PC3,euler_density_proxy_mean,-0.13918610619460958,0.13918610619460958,0.0007711601772065915
ablation_regular_only,PC3,logdet_g_mean,-0.13918610619460958,0.13918610619460958,0.0007711601772065915
ablation_regular_only,PC3,logdet_residual_q90,0.09036811783459836,0.09036811783459836,0.0007711601772065915
ablation_regular_only,PC3,min_eigenvalue_q10,0.07735334813052655,0.07735334813052655,0.0007711601772065915
ablation_regular_only,PC3,logdet_residual_q95,-0.07616583935912079,0.07616583935912079,0.0007711601772065915
baseline_combined,PC1,euler_density_proxy_mean,-0.32794185165795153,0.32794185165795153,0.6915174921510114
baseline_combined,PC1,logdet_g_mean,-0.32794185165795153,0.32794185165795153,0.6915174921510114
baseline_combined,PC1,euler_density_proxy_weighted_mean,-0.322720567989828,0.322720567989828,0.6915174921510114
baseline_combined,PC1,logdet_residual_mean,-0.31235341301599806,0.31235341301599806,0.6915174921510114
baseline_combined,PC1,min_eigenvalue_q10,-0.3090651961119292,0.3090651961119292,0.6915174921510114
baseline_combined,PC1,spectral_tail_mean,-0.2999499293388928,0.2999499293388928,0.6915174921510114
baseline_combined,PC1,negative_frequency,0.29901582279948213,0.29901582279948213,0.6915174921510114
baseline_combined,PC1,min_eigenvalue_q05,-0.29838507337718645,0.29838507337718645,0.6915174921510114
baseline_combined,PC1,min_eigenvalue_mean,-0.2864802166917848,0.2864802166917848,0.6915174921510114
baseline_combined,PC1,determinant_g_mean,-0.26667640010211713,0.26667640010211713,0.6915174921510114
baseline_combined,PC1,logdet_residual_q90,-0.17006708581615507,0.17006708581615507,0.6915174921510114
baseline_combined,PC1,logdet_residual_q95,-0.15901817219466358,0.15901817219466358,0.6915174921510114
baseline_combined,PC1,logdet_target_mean,-0.10891687052834058,0.10891687052834058,0.6915174921510114
baseline_combined,PC2,logdet_residual_q90,-0.5603986911251948,0.5603986911251948,0.14197077226304383
baseline_combined,PC2,logdet_target_mean,0.5531933108886019,0.5531933108886019,0.14197077226304383
baseline_combined,PC2,logdet_residual_q95,-0.5447217842883263,0.5447217842883263,0.14197077226304383
baseline_combined,PC2,logdet_residual_mean,-0.16179397864316541,0.16179397864316541,0.14197077226304383
baseline_combined,PC2,determinant_g_mean,0.14039056965795366,0.14039056965795366,0.14197077226304383
baseline_combined,PC2,min_eigenvalue_mean,0.11132201693741654,0.11132201693741654,0.14197077226304383
baseline_combined,PC2,euler_density_proxy_mean,0.08995717536764541,0.08995717536764541,0.14197077226304383
baseline_combined,PC2,logdet_g_mean,0.08995717536764541,0.08995717536764541,0.14197077226304383
baseline_combined,PC2,min_eigenvalue_q10,0.08169547573176991,0.08169547573176991,0.14197077226304383
baseline_combined,PC2,euler_density_proxy_weighted_mean,0.037946414589677305,0.037946414589677305,0.14197077226304383
baseline_combined,PC2,negative_frequency,-0.023544630224770956,0.023544630224770956,0.14197077226304383
baseline_combined,PC2,spectral_tail_mean,-0.007159783677915872,0.007159783677915872,0.14197077226304383
baseline_combined,PC2,min_eigenvalue_q05,0.0049970406936374195,0.0049970406936374195,0.14197077226304383
baseline_combined,PC3,logdet_target_mean,-0.4347522027883337,0.4347522027883337,0.1194954407468716
baseline_combined,PC3,determinant_g_mean,-0.4309479507571219,0.4309479507571219,0.1194954407468716
baseline_combined,PC3,logdet_residual_q95,-0.34294146699471983,0.34294146699471983,0.1194954407468716
baseline_combined,PC3,min_eigenvalue_mean,-0.337505572465308,0.337505572465308,0.1194954407468716
baseline_combined,PC3,spectral_tail_mean,0.31250224282729366,0.31250224282729366,0.1194954407468716
baseline_combined,PC3,logdet_residual_q90,-0.2981828405453722,0.2981828405453722,0.1194954407468716
baseline_combined,PC3,min_eigenvalue_q05,0.2839434684708676,0.2839434684708676,0.1194954407468716
baseline_combined,PC3,negative_frequency,-0.25963958897765765,0.25963958897765765,0.1194954407468716
baseline_combined,PC3,logdet_residual_mean,0.19546701201558908,0.19546701201558908,0.1194954407468716
baseline_combined,PC3,min_eigenvalue_q10,0.14114542311820233,0.14114542311820233,0.1194954407468716
baseline_combined,PC3,euler_density_proxy_weighted_mean,0.029193835661464856,0.029193835661464856,0.1194954407468716
baseline_combined,PC3,euler_density_proxy_mean,-0.00912671259557453,0.00912671259557453,0.1194954407468716
baseline_combined,PC3,logdet_g_mean,-0.009126712595574446,0.009126712595574446,0.1194954407468716
baseline_fragile_global,PC1,euler_density_proxy_mean,-0.32041224154200765,0.32041224154200765,0.6841826573481106
baseline_fragile_global,PC1,logdet_g_mean,-0.32041224154200765,0.32041224154200765,0.6841826573481106
baseline_fragile_global,PC1,logdet_residual_mean,-0.31892827958043013,0.31892827958043013,0.6841826573481106
baseline_fragile_global,PC1,euler_density_proxy_weighted_mean,-0.31605911347813115,0.31605911347813115,0.6841826573481106
baseline_fragile_global,PC1,min_eigenvalue_q10,-0.31128865664371774,0.31128865664371774,0.6841826573481106
baseline_fragile_global,PC1,negative_frequency,0.3026474221100603,0.3026474221100603,0.6841826573481106
baseline_fragile_global,PC1,spectral_tail_mean,-0.3001538870457935,0.3001538870457935,0.6841826573481106
baseline_fragile_global,PC1,logdet_residual_q90,-0.2964607586182543,0.2964607586182543,0.6841826573481106
baseline_fragile_global,PC1,min_eigenvalue_q05,-0.2962336208641056,0.2962336208641056,0.6841826573481106
baseline_fragile_global,PC1,logdet_residual_q95,-0.2765419173347158,0.2765419173347158,0.6841826573481106
baseline_fragile_global,PC1,min_eigenvalue_mean,-0.18835315410994702,0.18835315410994702,0.6841826573481106
baseline_fragile_global,PC1,determinant_g_mean,-0.1524509066966262,0.1524509066966262,0.6841826573481106
baseline_fragile_global,PC1,logdet_target_mean,0.06031561363364811,0.06031561363364811,0.6841826573481106
baseline_fragile_global,PC2,logdet_target_mean,0.5598912056357267,0.5598912056357267,0.2181463595352878
baseline_fragile_global,PC2,determinant_g_mean,0.5227986399632251,0.5227986399632251,0.2181463595352878
baseline_fragile_global,PC2,min_eigenvalue_mean,0.46310490192323894,0.46310490192323894,0.2181463595352878
baseline_fragile_global,PC2,min_eigenvalue_q05,-0.22182945127438214,0.22182945127438214,0.2181463595352878
baseline_fragile_global,PC2,spectral_tail_mean,-0.2030099171599935,0.2030099171599935,0.2181463595352878
baseline_fragile_global,PC2,logdet_residual_mean,-0.17391949078974447,0.17391949078974447,0.2181463595352878
baseline_fragile_global,PC2,negative_frequency,0.15697255664251772,0.15697255664251772,0.2181463595352878
baseline_fragile_global,PC2,euler_density_proxy_mean,0.14541230407734337,0.14541230407734337,0.2181463595352878
baseline_fragile_global,PC2,logdet_g_mean,0.14541230407734337,0.14541230407734337,0.2181463595352878
baseline_fragile_global,PC2,min_eigenvalue_q10,0.08092763688371567,0.08092763688371567,0.2181463595352878
baseline_fragile_global,PC2,logdet_residual_q90,-0.06553166813023971,0.06553166813023971,0.2181463595352878
baseline_fragile_global,PC2,logdet_residual_q95,-0.016016037128981975,0.016016037128981975,0.2181463595352878
baseline_fragile_global,PC2,euler_density_proxy_weighted_mean,0.006155749068463806,0.006155749068463806,0.2181463595352878
baseline_fragile_global,PC3,logdet_residual_q95,0.6580672546735992,0.6580672546735992,0.04624197567967359
baseline_fragile_global,PC3,logdet_residual_q90,0.5140078968829895,0.5140078968829895,0.04624197567967359
baseline_fragile_global,PC3,min_eigenvalue_q05,-0.29551618331131624,0.29551618331131624,0.04624197567967359
baseline_fragile_global,PC3,negative_frequency,0.2609249187560532,0.2609249187560532,0.04624197567967359
baseline_fragile_global,PC3,spectral_tail_mean,-0.23107088770472528,0.23107088770472528,0.04624197567967359
baseline_fragile_global,PC3,logdet_target_mean,-0.18217024742425963,0.18217024742425963,0.04624197567967359
baseline_fragile_global,PC3,euler_density_proxy_mean,-0.14925903349719882,0.14925903349719882,0.04624197567967359
baseline_fragile_global,PC3,logdet_g_mean,-0.14925903349719882,0.14925903349719882,0.04624197567967359
baseline_fragile_global,PC3,min_eigenvalue_q10,-0.09424028702906809,0.09424028702906809,0.04624197567967359
baseline_fragile_global,PC3,min_eigenvalue_mean,0.067479346833531,0.067479346833531,0.04624197567967359
baseline_fragile_global,PC3,euler_density_proxy_weighted_mean,0.03774437945497471,0.03774437945497471,0.04624197567967359
baseline_fragile_global,PC3,logdet_residual_mean,-0.03447359386373749,0.03447359386373749,0.04624197567967359
baseline_fragile_global,PC3,determinant_g_mean,0.01215357093669523,0.01215357093669523,0.04624197567967359
baseline_fragile_local,PC1,euler_density_proxy_mean,-0.3104677208392961,0.3104677208392961,0.750637962193938
baseline_fragile_local,PC1,logdet_g_mean,-0.3104677208392961,0.3104677208392961,0.750637962193938
baseline_fragile_local,PC1,euler_density_proxy_weighted_mean,-0.3070840408683558,0.3070840408683558,0.750637962193938
baseline_fragile_local,PC1,min_eigenvalue_q10,-0.300537940759078,0.300537940759078,0.750637962193938
baseline_fragile_local,PC1,negative_frequency,0.29505159145939286,0.29505159145939286,0.750637962193938
baseline_fragile_local,PC1,spectral_tail_mean,-0.2924466602806391,0.2924466602806391,0.750637962193938
baseline_fragile_local,PC1,min_eigenvalue_q05,-0.29233529021113674,0.29233529021113674,0.750637962193938
baseline_fragile_local,PC1,logdet_residual_mean,-0.28479807448947814,0.28479807448947814,0.750637962193938
baseline_fragile_local,PC1,logdet_residual_q95,0.26398060596477063,0.26398060596477063,0.750637962193938
baseline_fragile_local,PC1,logdet_residual_q90,0.2635375155130906,0.2635375155130906,0.750637962193938
baseline_fragile_local,PC1,min_eigenvalue_mean,-0.22931292666051872,0.22931292666051872,0.750637962193938
baseline_fragile_local,PC1,logdet_target_mean,-0.2237122494880951,0.2237122494880951,0.750637962193938
baseline_fragile_local,PC1,determinant_g_mean,-0.2041474943789926,0.2041474943789926,0.750637962193938
baseline_fragile_local,PC2,determinant_g_mean,0.5224193243493077,0.5224193243493077,0.15289906042958346
baseline_fragile_local,PC2,min_eigenvalue_mean,0.4630719995884742,0.4630719995884742,0.15289906042958346
baseline_fragile_local,PC2,logdet_target_mean,0.41934386785739414,0.41934386785739414,0.15289906042958346
baseline_fragile_local,PC2,logdet_residual_q95,0.2769591747836321,0.2769591747836321,0.15289906042958346
baseline_fragile_local,PC2,logdet_residual_q90,0.27182482967044275,0.27182482967044275,0.15289906042958346
baseline_fragile_local,PC2,spectral_tail_mean,-0.26172003066879956,0.26172003066879956,0.15289906042958346
baseline_fragile_local,PC2,min_eigenvalue_q05,-0.20685738416867386,0.20685738416867386,0.15289906042958346
baseline_fragile_local,PC2,negative_frequency,0.14870747789981598,0.14870747789981598,0.15289906042958346
baseline_fragile_local,PC2,logdet_residual_mean,-0.13019125189259723,0.13019125189259723,0.15289906042958346
baseline_fragile_local,PC2,euler_density_proxy_mean,0.10435523121635826,0.10435523121635826,0.15289906042958346
baseline_fragile_local,PC2,logdet_g_mean,0.10435523121635826,0.10435523121635826,0.15289906042958346
baseline_fragile_local,PC2,min_eigenvalue_q10,-0.09773021252604612,0.09773021252604612,0.15289906042958346
baseline_fragile_local,PC2,euler_density_proxy_weighted_mean,0.06719910576678606,0.06719910576678606,0.15289906042958346
baseline_fragile_local,PC3,logdet_residual_mean,-0.48210664277556925,0.48210664277556925,0.054936606008859315
baseline_fragile_local,PC3,logdet_residual_q95,-0.43601932138781085,0.43601932138781085,0.054936606008859315
baseline_fragile_local,PC3,logdet_residual_q90,-0.40440975089173714,0.40440975089173714,0.054936606008859315
baseline_fragile_local,PC3,negative_frequency,0.3147886389447574,0.3147886389447574,0.054936606008859315
baseline_fragile_local,PC3,logdet_target_mean,0.3074245658143645,0.3074245658143645,0.054936606008859315
baseline_fragile_local,PC3,euler_density_proxy_weighted_mean,-0.23651810313838645,0.23651810313838645,0.054936606008859315
baseline_fragile_local,PC3,logdet_g_mean,-0.20160331466279957,0.20160331466279957,0.054936606008859315
baseline_fragile_local,PC3,euler_density_proxy_mean,-0.20160331466279954,0.20160331466279954,0.054936606008859315
baseline_fragile_local,PC3,determinant_g_mean,0.18930810009429413,0.18930810009429413,0.054936606008859315
baseline_fragile_local,PC3,min_eigenvalue_q05,0.16543212685980796,0.16543212685980796,0.054936606008859315
baseline_fragile_local,PC3,min_eigenvalue_q10,0.13888258659052846,0.13888258659052846,0.054936606008859315
baseline_fragile_local,PC3,spectral_tail_mean,0.02194177493858422,0.02194177493858422,0.054936606008859315
baseline_fragile_local,PC3,min_eigenvalue_mean,0.010371745011558006,0.010371745011558006,0.054936606008859315
baseline_fragile_only,PC1,euler_density_proxy_mean,-0.3425577580115878,0.3425577580115878,0.6304572147081621
baseline_fragile_only,PC1,logdet_g_mean,-0.3425577580115878,0.3425577580115878,0.6304572147081621
baseline_fragile_only,PC1,euler_density_proxy_weighted_mean,-0.3351049736311717,0.3351049736311717,0.6304572147081621
baseline_fragile_only,PC1,min_eigenvalue_q10,-0.32206577295634875,0.32206577295634875,0.6304572147081621
baseline_fragile_only,PC1,logdet_residual_mean,-0.32012429326141506,0.32012429326141506,0.6304572147081621
baseline_fragile_only,PC1,spectral_tail_mean,-0.3108965944542257,0.3108965944542257,0.6304572147081621
baseline_fragile_only,PC1,negative_frequency,0.31019691696247975,0.31019691696247975,0.6304572147081621
baseline_fragile_only,PC1,min_eigenvalue_q05,-0.3101739769459601,0.3101739769459601,0.6304572147081621
baseline_fragile_only,PC1,min_eigenvalue_mean,-0.2690068515317101,0.2690068515317101,0.6304572147081621
baseline_fragile_only,PC1,determinant_g_mean,-0.24163991442033347,0.24163991442033347,0.6304572147081621
baseline_fragile_only,PC1,logdet_target_mean,-0.10689686965642502,0.10689686965642502,0.6304572147081621
baseline_fragile_only,PC1,logdet_residual_q90,-0.09252677562754635,0.09252677562754635,0.6304572147081621
baseline_fragile_only,PC1,logdet_residual_q95,-0.08353263542192019,0.08353263542192019,0.6304572147081621
baseline_fragile_only,PC2,logdet_residual_q90,0.5486310242196212,0.5486310242196212,0.16631740374482037
baseline_fragile_only,PC2,logdet_target_mean,-0.5391426020629515,0.5391426020629515,0.16631740374482037
baseline_fragile_only,PC2,logdet_residual_q95,0.5325657495046128,0.5325657495046128,0.16631740374482037
baseline_fragile_only,PC2,logdet_residual_mean,0.1969583009581791,0.1969583009581791,0.16631740374482037
baseline_fragile_only,PC2,determinant_g_mean,-0.19182596971758836,0.19182596971758836,0.16631740374482037
baseline_fragile_only,PC2,min_eigenvalue_mean,-0.11705617702569104,0.11705617702569104,0.16631740374482037
baseline_fragile_only,PC2,spectral_tail_mean,0.10017901764323947,0.10017901764323947,0.16631740374482037
baseline_fragile_only,PC2,euler_density_proxy_mean,-0.08969257681575697,0.08969257681575697,0.16631740374482037
baseline_fragile_only,PC2,logdet_g_mean,-0.08969257681575697,0.08969257681575697,0.16631740374482037
baseline_fragile_only,PC2,min_eigenvalue_q05,0.0857342626407952,0.0857342626407952,0.16631740374482037
baseline_fragile_only,PC2,min_eigenvalue_q10,-0.03616585167711685,0.03616585167711685,0.16631740374482037
baseline_fragile_only,PC2,euler_density_proxy_weighted_mean,-0.024888506499445656,0.024888506499445656,0.16631740374482037
baseline_fragile_only,PC2,negative_frequency,-0.002816058110927694,0.002816058110927694,0.16631740374482037
baseline_fragile_only,PC3,determinant_g_mean,0.4570360100609556,0.4570360100609556,0.15231008337729524
baseline_fragile_only,PC3,min_eigenvalue_mean,0.40339492244127484,0.40339492244127484,0.15231008337729524
baseline_fragile_only,PC3,logdet_residual_q95,0.3780363021955293,0.3780363021955293,0.15231008337729524
baseline_fragile_only,PC3,logdet_residual_q90,0.36306304773559905,0.36306304773559905,0.15231008337729524
baseline_fragile_only,PC3,logdet_target_mean,0.34508198279582475,0.34508198279582475,0.15231008337729524
baseline_fragile_only,PC3,negative_frequency,0.2649678353930541,0.2649678353930541,0.15231008337729524
baseline_fragile_only,PC3,spectral_tail_mean,-0.26173019532527997,0.26173019532527997,0.15231008337729524
baseline_fragile_only,PC3,min_eigenvalue_q05,-0.2370498277273084,0.2370498277273084,0.15231008337729524
baseline_fragile_only,PC3,logdet_residual_mean,-0.16904285463857208,0.16904285463857208,0.15231008337729524
baseline_fragile_only,PC3,min_eigenvalue_q10,-0.09601921731485448,0.09601921731485448,0.15231008337729524
baseline_fragile_only,PC3,euler_density_proxy_weighted_mean,-0.03458947343417282,0.03458947343417282,0.15231008337729524
baseline_fragile_only,PC3,logdet_g_mean,0.018546516696237678,0.018546516696237678,0.15231008337729524
baseline_fragile_only,PC3,euler_density_proxy_mean,0.01854651669623765,0.01854651669623765,0.15231008337729524
baseline_regular_global,PC1,euler_density_proxy_mean,-0.3067100281412819,0.3067100281412819,0.8118799585025326
baseline_regular_global,PC1,logdet_g_mean,-0.3067100281412819,0.3067100281412819,0.8118799585025326
baseline_regular_global,PC1,euler_density_proxy_weighted_mean,-0.3063399360628981,0.3063399360628981,0.8118799585025326
baseline_regular_global,PC1,logdet_residual_mean,-0.303242594032201,0.303242594032201,0.8118799585025326
baseline_regular_global,PC1,negative_frequency,0.29994847399990165,0.29994847399990165,0.8118799585025326
baseline_regular_global,PC1,min_eigenvalue_mean,-0.297702031412019,0.297702031412019,0.8118799585025326
baseline_regular_global,PC1,min_eigenvalue_q10,-0.2914018798664242,0.2914018798664242,0.8118799585025326
baseline_regular_global,PC1,spectral_tail_mean,-0.2870122094449631,0.2870122094449631,0.8118799585025326
baseline_regular_global,PC1,min_eigenvalue_q05,-0.28470457631331547,0.28470457631331547,0.8118799585025326
baseline_regular_global,PC1,determinant_g_mean,-0.27356701266398925,0.27356701266398925,0.8118799585025326
baseline_regular_global,PC1,logdet_residual_q90,-0.266168068805459,0.266168068805459,0.8118799585025326
baseline_regular_global,PC1,logdet_residual_q95,-0.2306819043568954,0.2306819043568954,0.8118799585025326
baseline_regular_global,PC1,logdet_target_mean,-0.014691883809655994,0.014691883809655994,0.8118799585025326
baseline_regular_global,PC2,logdet_target_mean,0.7991917521626314,0.7991917521626314,0.10226374208231623
baseline_regular_global,PC2,logdet_residual_q95,-0.36779827233705964,0.36779827233705964,0.10226374208231623
baseline_regular_global,PC2,logdet_residual_q90,-0.3239874888229099,0.3239874888229099,0.10226374208231623
baseline_regular_global,PC2,min_eigenvalue_mean,0.19006482009568562,0.19006482009568562,0.10226374208231623
baseline_regular_global,PC2,determinant_g_mean,0.1718604053103518,0.1718604053103518,0.10226374208231623
baseline_regular_global,PC2,min_eigenvalue_q10,0.11910139908967897,0.11910139908967897,0.10226374208231623
baseline_regular_global,PC2,logdet_residual_mean,-0.11657065254311497,0.11657065254311497,0.10226374208231623
baseline_regular_global,PC2,min_eigenvalue_q05,0.11586644605211771,0.11586644605211771,0.10226374208231623
baseline_regular_global,PC2,spectral_tail_mean,0.08645684160514383,0.08645684160514383,0.10226374208231623
baseline_regular_global,PC2,negative_frequency,0.06726494338559388,0.06726494338559388,0.10226374208231623
baseline_regular_global,PC2,euler_density_proxy_mean,0.03292491127226343,0.03292491127226343,0.10226374208231623
baseline_regular_global,PC2,logdet_g_mean,0.03292491127226343,0.03292491127226343,0.10226374208231623
baseline_regular_global,PC2,euler_density_proxy_weighted_mean,-0.004700555510427883,0.004700555510427883,0.10226374208231623
baseline_regular_global,PC3,logdet_residual_q95,0.5104768135410253,0.5104768135410253,0.07598317838546985
baseline_regular_global,PC3,determinant_g_mean,0.38288669222872684,0.38288669222872684,0.07598317838546985
baseline_regular_global,PC3,logdet_target_mean,0.37668966366427126,0.37668966366427126,0.07598317838546985
baseline_regular_global,PC3,min_eigenvalue_q05,-0.34153356089802867,0.34153356089802867,0.07598317838546985
baseline_regular_global,PC3,spectral_tail_mean,-0.3384235610054415,0.3384235610054415,0.07598317838546985
baseline_regular_global,PC3,logdet_residual_q90,0.3347425498238256,0.3347425498238256,0.07598317838546985
baseline_regular_global,PC3,min_eigenvalue_q10,-0.27995252510876506,0.27995252510876506,0.07598317838546985
baseline_regular_global,PC3,negative_frequency,0.11434852187855467,0.11434852187855467,0.07598317838546985
baseline_regular_global,PC3,logdet_residual_mean,-0.09092725941600258,0.09092725941600258,0.07598317838546985
baseline_regular_global,PC3,min_eigenvalue_mean,0.07758936564895828,0.07758936564895828,0.07598317838546985
baseline_regular_global,PC3,euler_density_proxy_weighted_mean,0.03326332833468085,0.03326332833468085,0.07598317838546985
baseline_regular_global,PC3,euler_density_proxy_mean,-0.02054897277966887,0.02054897277966887,0.07598317838546985
baseline_regular_global,PC3,logdet_g_mean,-0.02054897277966887,0.02054897277966887,0.07598317838546985
baseline_regular_local,PC1,euler_density_proxy_mean,-0.31623455380802634,0.31623455380802634,0.7481164038043125
baseline_regular_local,PC1,logdet_g_mean,-0.31623455380802634,0.31623455380802634,0.7481164038043125
baseline_regular_local,PC1,min_eigenvalue_q05,-0.3146551895397209,0.3146551895397209,0.7481164038043125
baseline_regular_local,PC1,spectral_tail_mean,-0.31183264440765607,0.31183264440765607,0.7481164038043125
baseline_regular_local,PC1,euler_density_proxy_weighted_mean,-0.30494226317413625,0.30494226317413625,0.7481164038043125
baseline_regular_local,PC1,min_eigenvalue_q10,-0.28883417796526956,0.28883417796526956,0.7481164038043125
baseline_regular_local,PC1,min_eigenvalue_mean,-0.2775132953495235,0.2775132953495235,0.7481164038043125
baseline_regular_local,PC1,logdet_residual_mean,-0.2703540708217721,0.2703540708217721,0.7481164038043125
baseline_regular_local,PC1,negative_frequency,0.25290496227006537,0.25290496227006537,0.7481164038043125
baseline_regular_local,PC1,logdet_target_mean,-0.24631753837418452,0.24631753837418452,0.7481164038043125
baseline_regular_local,PC1,determinant_g_mean,-0.2395680680101851,0.2395680680101851,0.7481164038043125
baseline_regular_local,PC1,logdet_residual_q90,0.21883948111024232,0.21883948111024232,0.7481164038043125
baseline_regular_local,PC1,logdet_residual_q95,0.21750214077696328,0.21750214077696328,0.7481164038043125
baseline_regular_local,PC2,determinant_g_mean,0.48920984866130013,0.48920984866130013,0.13519437081991928
baseline_regular_local,PC2,logdet_target_mean,0.40892786350924043,0.40892786350924043,0.13519437081991928
baseline_regular_local,PC2,logdet_residual_q95,0.38363734795413795,0.38363734795413795,0.13519437081991928
baseline_regular_local,PC2,negative_frequency,0.36008628030161643,0.36008628030161643,0.13519437081991928
baseline_regular_local,PC2,min_eigenvalue_mean,0.35739531519784157,0.35739531519784157,0.13519437081991928
baseline_regular_local,PC2,logdet_residual_q90,0.2954819650336491,0.2954819650336491,0.13519437081991928
baseline_regular_local,PC2,logdet_residual_mean,-0.2707715123237877,0.2707715123237877,0.13519437081991928
baseline_regular_local,PC2,min_eigenvalue_q10,0.11316705122628579,0.11316705122628579,0.13519437081991928
baseline_regular_local,PC2,spectral_tail_mean,-0.09359832878492708,0.09359832878492708,0.13519437081991928
baseline_regular_local,PC2,euler_density_proxy_weighted_mean,-0.07474339587160099,0.07474339587160099,0.13519437081991928
baseline_regular_local,PC2,euler_density_proxy_mean,0.023442069056053685,0.023442069056053685,0.13519437081991928
baseline_regular_local,PC2,logdet_g_mean,0.023442069056053685,0.023442069056053685,0.13519437081991928
baseline_regular_local,PC2,min_eigenvalue_q05,-0.0008381383739691495,0.0008381383739691495,0.13519437081991928
baseline_regular_local,PC3,logdet_residual_q90,0.5899478929855824,0.5899478929855824,0.07883284288424523
baseline_regular_local,PC3,logdet_residual_q95,0.485064417727384,0.485064417727384,0.07883284288424523
baseline_regular_local,PC3,logdet_residual_mean,0.38100707296216574,0.38100707296216574,0.07883284288424523
baseline_regular_local,PC3,negative_frequency,-0.33731847382715874,0.33731847382715874,0.07883284288424523
baseline_regular_local,PC3,logdet_target_mean,-0.22909600940804462,0.22909600940804462,0.07883284288424523
baseline_regular_local,PC3,euler_density_proxy_weighted_mean,0.2021412322277711,0.2021412322277711,0.07883284288424523
baseline_regular_local,PC3,euler_density_proxy_mean,0.14669539879090351,0.14669539879090351,0.07883284288424523
baseline_regular_local,PC3,logdet_g_mean,0.14669539879090351,0.14669539879090351,0.07883284288424523
baseline_regular_local,PC3,min_eigenvalue_q10,-0.14144417169750187,0.14144417169750187,0.07883284288424523
baseline_regular_local,PC3,determinant_g_mean,-0.029072983517779715,0.029072983517779715,0.07883284288424523
baseline_regular_local,PC3,min_eigenvalue_mean,-0.013454323026350013,0.013454323026350013,0.07883284288424523
baseline_regular_local,PC3,spectral_tail_mean,-0.012658808943964773,0.012658808943964773,0.07883284288424523
baseline_regular_local,PC3,min_eigenvalue_q05,0.012072949452911801,0.012072949452911801,0.07883284288424523
baseline_regular_only,PC1,euler_density_proxy_mean,-0.31029807624255895,0.31029807624255895,0.7932606144195002
baseline_regular_only,PC1,logdet_g_mean,-0.31029807624255895,0.31029807624255895,0.7932606144195002
baseline_regular_only,PC1,euler_density_proxy_weighted_mean,-0.30798841911743885,0.30798841911743885,0.7932606144195002
baseline_regular_only,PC1,logdet_residual_mean,-0.3039136981483193,0.3039136981483193,0.7932606144195002
baseline_regular_only,PC1,negative_frequency,0.2964780939111914,0.2964780939111914,0.7932606144195002
baseline_regular_only,PC1,min_eigenvalue_mean,-0.295209462912834,0.295209462912834,0.7932606144195002
baseline_regular_only,PC1,min_eigenvalue_q10,-0.29284742459722035,0.29284742459722035,0.7932606144195002
baseline_regular_only,PC1,spectral_tail_mean,-0.2917499405152317,0.2917499405152317,0.7932606144195002
baseline_regular_only,PC1,min_eigenvalue_q05,-0.2893709497600647,0.2893709497600647,0.7932606144195002
baseline_regular_only,PC1,determinant_g_mean,-0.2815314201825915,0.2815314201825915,0.7932606144195002
baseline_regular_only,PC1,logdet_residual_q90,-0.2503975756191516,0.2503975756191516,0.7932606144195002
baseline_regular_only,PC1,logdet_residual_q95,-0.21237379147214475,0.21237379147214475,0.7932606144195002
baseline_regular_only,PC1,logdet_target_mean,-0.05905265604570852,0.05905265604570852,0.7932606144195002
baseline_regular_only,PC2,logdet_target_mean,-0.6696217565711449,0.6696217565711449,0.12409698088198982
baseline_regular_only,PC2,logdet_residual_q95,0.46502311711501776,0.46502311711501776,0.12409698088198982
baseline_regular_only,PC2,logdet_residual_q90,0.4153256940482829,0.4153256940482829,0.12409698088198982
baseline_regular_only,PC2,min_eigenvalue_q05,-0.19609336426919755,0.19609336426919755,0.12409698088198982
baseline_regular_only,PC2,min_eigenvalue_q10,-0.17307951248480707,0.17307951248480707,0.12409698088198982
baseline_regular_only,PC2,min_eigenvalue_mean,-0.1560964790251455,0.1560964790251455,0.12409698088198982
baseline_regular_only,PC2,spectral_tail_mean,-0.14993976652636773,0.14993976652636773,0.12409698088198982
baseline_regular_only,PC2,determinant_g_mean,-0.13824474060606082,0.13824474060606082,0.12409698088198982
baseline_regular_only,PC2,logdet_residual_mean,0.13145475708675772,0.13145475708675772,0.12409698088198982
baseline_regular_only,PC2,negative_frequency,-0.10135352420511363,0.10135352420511363,0.12409698088198982
baseline_regular_only,PC2,euler_density_proxy_weighted_mean,0.027901847905055233,0.027901847905055233,0.12409698088198982
baseline_regular_only,PC2,euler_density_proxy_mean,-0.009071675281064534,0.009071675281064534,0.12409698088198982
baseline_regular_only,PC2,logdet_g_mean,-0.009071675281064534,0.009071675281064534,0.12409698088198982
baseline_regular_only,PC3,logdet_target_mean,0.515301845112414,0.515301845112414,0.06251098185806771
baseline_regular_only,PC3,logdet_residual_q95,0.45268116933172514,0.45268116933172514,0.06251098185806771
baseline_regular_only,PC3,determinant_g_mean,0.40122038510874714,0.40122038510874714,0.06251098185806771
baseline_regular_only,PC3,spectral_tail_mean,-0.30933173154448057,0.30933173154448057,0.06251098185806771
baseline_regular_only,PC3,logdet_residual_q90,0.2813112788820841,0.2813112788820841,0.06251098185806771
baseline_regular_only,PC3,min_eigenvalue_q05,-0.26874587589203114,0.26874587589203114,0.06251098185806771
baseline_regular_only,PC3,min_eigenvalue_q10,-0.20160659110357798,0.20160659110357798,0.06251098185806771
baseline_regular_only,PC3,negative_frequency,0.19184130164198826,0.19184130164198826,0.06251098185806771
baseline_regular_only,PC3,min_eigenvalue_mean,0.14593972314545706,0.14593972314545706,0.06251098185806771
baseline_regular_only,PC3,logdet_residual_mean,-0.14234879395265845,0.14234879395265845,0.06251098185806771
baseline_regular_only,PC3,euler_density_proxy_mean,-0.03342346549387938,0.03342346549387938,0.06251098185806771
baseline_regular_only,PC3,logdet_g_mean,-0.03342346549387938,0.03342346549387938,0.06251098185806771
baseline_regular_only,PC3,euler_density_proxy_weighted_mean,-0.016593002710459277,0.016593002710459277,0.06251098185806771
